,开盘价,收盘价,最高价,最低价,涨跌幅,成交额
冷链物流指数,3092.4949,3158.1148,3186.7643,3084.0423,0.695035099983,19.28896326
IP流量变现指数,7236.1221,7342.9583,7361.8627,7226.9528,0.695395946503,72.68306542
互联网营销指数,9055.0505,9193.549,9200.7243,9047.2203,0.696683466434,68.15594992
ST概念指数,2141.3496,2164.0668,2165.3082,2136.6863,0.775519132614,31.49895704
体育指数,2664.0188,2710.6363,2719.3718,2660.2848,0.948578417301,105.24173912
蓝宝石指数,2902.8321,2948.9997,2953.0633,2897.4683,0.987942278385,38.61434867
智能穿戴指数,9567.1623,9708.7013,9735.2959,9546.3175,1.00601398945,78.59852375
网络彩票指数,4299.4606,4384.0138,4396.2909,4293.1389,1.04607248306,43.07692592
举牌指数,2955.8886,3009.075,3012.7172,2952.3848,1.04615926743,126.29054387
医药电商指数,2309.427,2342.9751,2346.3544,2304.8702,1.06171572208,28.81566844
丝绸之路指数,1429.1126,1448.9241,1450.4316,1427.9694,1.13284492493,8.23447414
在线旅游指数,5201.3757,5301.4911,5315.7613,5198.2193,1.16113674641,16.84558743
页岩气和煤层气指数,1791.6037,1821.7603,1822.537,1791.6037,1.17429828644,32.83926365
特高压指数,2943.5918,3005.0614,3015.361,2940.6684,1.18663406372,32.46236865
迪士尼指数,1899.4714,1931.3762,1934.2507,1896.7547,1.19442224503,46.75069442
动漫指数,6237.4621,6357.1004,6375.0188,6237.4621,1.19993817806,55.4108852
中日韩自贸区指数,2056.4072,2102.9599,2103.8427,2050.2553,1.21079385281,19.51662589
超级电容指数,2480.6765,2517.9989,2522.2023,2472.2932,1.22088599205,19.47821734
充电桩指数,4473.0945,4558.5411,4568.4902,4466.2823,1.22161853313,50.2277864
文化传媒概念指数,7392.9137,7535.6981,7552.1975,7388.376,1.26198780537,248.25039106
智能电网指数,3159.0352,3222.9318,3226.8333,3154.2239,1.26480948925,102.68560823
新疆区域振兴指数,1064.6235,1079.0591,1079.7371,1064.3909,1.26723515987,19.85694953
能源互联网指数,4542.3274,4632.4354,4651.2224,4529.312,1.28573787212,70.63335512
垃圾发电指数,2271.0303,2306.9863,2313.4795,2268.5161,1.28685557842,15.18975387
移动互联网指数,4950.0907,5063.2544,5075.8583,4943.0419,1.29559016228,130.78792479
网络游戏指数,9587.9705,9797.8425,9814.9866,9578.6165,1.30187404156,128.35378777
智能电视指数,11205.1677,11398.9014,11417.8516,11193.2477,1.31479549408,89.31038274
新能源指数,1521.5171,1550.6031,1553.3591,1520.0114,1.3186160326,50.57641922
长江经济带指数,1672.234,1703.6125,1709.3363,1668.4741,1.36439299583,6.71638232
天津自贸区指数,1907.7376,1941.8319,1944.1386,1902.4685,1.37023496628,18.58663875
上海自贸区指数,2297.7764,2341.428,2347.0059,2296.9659,1.38473773003,34.61091594
重组指数,4064.8582,4145.5468,4148.4822,4059.0221,1.38790667057,466.47933725
油气改革指数,1579.4854,1612.1676,1614.5963,1578.5565,1.3931428194,27.96366181
绿色节能照明指数,3343.0315,3413.3201,3419.0025,3341.7715,1.39430987835,67.93314484
汽车后市场指数,3963.7164,4052.9768,4069.7951,3958.9942,1.39462816715,36.35633357
高铁指数,2909.7137,2968.1252,2970.0093,2905.6761,1.4011490345,81.68012403
北部湾自贸区指数,1264.203,1293.4739,1295.0472,1261.6181,1.41780805588,10.61502495
虚拟现实指数,4579.3177,4679.327,4689.2867,4578.2742,1.43152391911,239.65444158
移动转售指数,2245.4737,2298.9421,2312.747,2242.0548,1.43546485901,31.81511137
智慧医疗指数,8238.7822,8417.3257,8441.7349,8227.3895,1.43692004681,117.18431786
O2O指数,1916.1495,1956.116,1958.5875,1916.1495,1.45678853989,51.51058791
新能源汽车指数,3453.9143,3536.9213,3543.7449,3451.4682,1.46014642715,152.13209423
风力发电指数,1913.9317,1954.8268,1958.1386,1910.9277,1.46809577942,29.15962607
云计算指数,5337.2732,5471.06,5483.1745,5326.0258,1.46812808514,143.64336114
民营银行指数,2093.8621,2135.4143,2140.4584,2093.8621,1.51255261898,48.28356505
食品安全指数,2840.2821,2892.4623,2904.9576,2836.8005,1.51901090145,16.67935459
广东国资改革指数,1438.1828,1470.2645,1474.6003,1438.1828,1.53374695778,14.1207461
智能汽车指数,4536.8684,4655.7402,4665.2753,4530.6298,1.54411947727,133.12015215
核能核电指数,1763.5811,1807.9585,1807.9585,1760.1823,1.5568665266,57.85943121
工业4.0指数,2956.2402,3025.5595,3029.2266,2953.435,1.56946325302,99.2125591
芯片国产化指数,5807.4722,5940.973,5952.8008,5799.1775,1.5806940794,98.11044318
抗癌指数,2811.525,2865.8537,2871.1096,2811.3565,1.58347153664,39.43698015
石墨烯指数,2126.2412,2178.8808,2182.4207,2125.2276,1.58816301823,70.40221038
太阳能发电指数,2685.3922,2746.5631,2748.2269,2681.5446,1.59370279312,108.19136579
员工持股指数,2856.039,2919.0329,2921.9572,2855.5139,1.60562574863,932.9185021
职业教育指数,2650.3055,2709.1579,2711.506,2645.0452,1.62312948704,26.01488756
健康中国指数,4748.0495,4852.1111,4863.5241,4742.7404,1.62632751465,67.28826832
生物识别指数,6303.7586,6459.2764,6465.7528,6285.1477,1.63843786716,69.89060938
传感器指数,3854.5607,3945.8586,3959.462,3852.17,1.6449059248,49.03337164
智能家居指数,6456.8513,6601.9582,6603.5907,6449.9154,1.66312348843,93.88146514
物联网指数,3782.7626,3871.8263,3882.6711,3779.012,1.67126750946,130.03030961
三网融合指数,3307.419,3379.9927,3394.1697,3300.2651,1.67880797386,111.44455002
高送转概念指数,2122.5631,2170.6388,2173.1088,2120.1058,1.68371462822,1007.50255273
福建自贸区指数,2396.2836,2454.9583,2457.4534,2392.8881,1.70965862274,24.34756324
浦东新区指数,2253.1151,2300.0388,2302.1048,2249.4216,1.7110697031,162.73001099
民营医院指数,3823.8849,3913.583,3919.4491,3821.2796,1.71264243126,46.31988004
PM2.5指数,3790.3708,3856.9457,3870.9351,3785.2765,1.71269500256,31.53488983
宽带提速指数,3038.858,3097.7087,3105.1909,3033.2928,1.72322809696,61.35885451
在线教育指数,7694.4664,7889.7336,7910.387,7680.3037,1.73577141762,70.59267745
高校指数,4179.8119,4275.961,4278.2084,4170.4214,1.73747348785,101.61783652
机器人指数,5405.7614,5539.2325,5543.5448,5398.6662,1.73938012123,169.40008367
质押式回购指数,1982.774,2028.4168,2030.6665,1982.0595,1.73992180824,1229.81861201
跨境电商指数,3327.2476,3415.0016,3415.544,3327.2476,1.74914598465,61.15281706
粤港澳自贸区指数,1770.2556,1811.9823,1816.1391,1767.4312,1.75698745251,10.34254105
基因检测指数,4986.3894,5109.8441,5116.366,4984.8388,1.76426172256,66.76438616
环保概念指数,4013.8418,4094.77,4102.9932,4013.8418,1.77951908112,76.58163516
苹果指数,9341.2931,9570.5103,9579.2962,9331.9581,1.78081941605,62.00797886
智慧农业指数,3512.754,3595.6062,3602.542,3504.1278,1.78658699989,32.6456976
养老产业指数,2898.4817,2967.169,2968.7987,2895.7117,1.8032875061,35.11632988
智能物流指数,3926.2589,4026.7229,4035.6747,3921.571,1.80606067181,59.79859256
人工智能指数,5821.604,5977.9687,5985.5094,5811.0624,1.846560359,104.13858417
污水处理指数,4432.2715,4522.3182,4529.985,4432.2715,1.84994184971,42.31703686
金控平台指数,2606.1672,2659.8411,2668.3577,2605.5506,1.85880839825,40.02929235
网络安全指数,15929.9478,16323.2497,16361.4166,15878.5392,1.86966001987,90.08303479
国资改革指数,1909.5899,1955.7144,1955.7144,1906.5911,1.89239621162,69.33079057
一带一路指数,1833.5816,1874.8817,1875.653,1833.2009,1.90571916103,75.39074096
新三板指数,2295.7862,2351.5882,2353.6789,2289.9163,1.90594017506,33.65038113
生物疫苗指数,3254.015,3331.6416,3333.6319,3250.4758,1.90806365013,73.35438066
4G指数,2678.8448,2729.9611,2738.2953,2668.6739,1.91526520252,58.44055493
京津冀一体化指数,1927.0228,1971.5134,1971.5134,1920.968,1.92410099506,38.24687501
电子商务指数,4319.0576,4433.6363,4433.8046,4317.9755,1.93308711052,98.78912362
装饰园林指数,4709.336,4825.8931,4831.5352,4697.0639,1.93481683731,83.89399332
燃料电池指数,1726.8559,1767.688,1772.2967,1724.6812,1.9398047924,36.7696113
锂电池指数,4806.9226,4927.7082,4944.0141,4804.1036,1.94496357441,277.42553763
沪股通50指数,1714.5953,1749.5079,1751.3203,1712.9893,1.96174800396,162.84991477
智能交通指数,4940.5699,5079.8688,5095.2572,4935.6921,1.96779441833,70.97853505
互联网金融指数,6464.0374,6639.7949,6659.963,6462.9932,1.97895824909,238.33617298
国家队指数,4056.5253,4157.7758,4162.0876,4055.4899,2.01782917976,1811.12015857
移动支付指数,3623.2868,3724.7889,3730.9475,3613.3244,2.02457809448,74.6139917
建筑节能指数,2883.9784,2956.821,2959.4271,2878.9802,2.05605173111,46.34264196
上海本地重组指数,2142.8696,2195.0399,2204.6314,2139.8753,2.06998825073,26.5756471
证金概念指数,2066.0832,2118.1107,2120.7239,2065.6203,2.09230566025,561.58866513
大数据指数,18270.5302,18800.1818,18800.1818,18261.2958,2.09674549103,80.75791009
金融改革指数,3612.0363,3693.6302,3695.4871,3610.0781,2.10139584541,34.56295022
新材料指数,3622.2233,3706.8239,3711.7884,3621.9546,2.17198681831,91.67884439
参股金融指数,1770.9648,1811.9116,1815.4361,1769.3195,2.17716217041,46.25927654
安防监控指数,7131.1814,7350.75,7363.5868,7116.9867,2.21463012695,107.74509273
第三方支付指数,4804.0392,4943.7261,4954.1994,4798.927,2.22514748573,95.3622727
创投指数,2135.6458,2192.9652,2196.3856,2135.6458,2.28167796135,44.40391975
生物育种指数,2343.4657,2406.7662,2407.9486,2333.7866,2.33622670174,23.44828702
海南旅游岛指数,2283.4426,2332.9063,2333.2272,2280.2614,2.3557062149,33.11491373
去IOE指数,5576.9907,5762.1351,5763.2699,5576.9907,2.38635468483,57.06155193
稀土永磁指数,4090.9893,4213.9051,4259.1907,4085.7549,2.41226410866,129.79243855
3D打印指数,3860.9564,3957.4806,3957.6718,3852.8877,2.42191815376,56.14146964
土地流转指数,1580.2437,1627.4631,1632.5795,1580.2437,2.46748566628,25.82057615
智能IC卡指数,3121.2487,3232.0259,3236.8467,3108.9693,2.56393504143,47.08344877
量子通信指数,5623.9777,5766.5789,5784.0314,5616.6982,2.57862949371,79.12064131
大央企重组指数,1695.7783,1743.85,1745.7316,1695.0401,2.63172364235,202.14407159
西藏振兴指数,2634.5964,2709.6506,2709.9733,2634.5964,2.65102624893,26.66914334
军民融合指数,5729.5148,5940.3694,5941.8937,5719.6277,3.04353642464,168.39917612
黄金珠宝指数,2275.2779,2318.3319,2341.7962,2271.3596,3.08499264717,165.90899247
无人机指数,1631.9647,1695.4991,1697.3387,1630.1596,3.23894000053,42.62894577
通用航空指数,3321.7893,3467.0609,3473.398,3321.0816,3.5919573307,121.9962272
次新股指数,91364.8492,95740.0241,95740.0241,91160.7823,3.60355877876,203.47648627
海绵城市指数,2553.8017,2617.1883,2617.5883,2553.8017,4.03919696808,41.81220046
卫星导航指数,5330.8465,5577.739,5586.2851,5316.3771,4.10865020752,99.31283017
高端装备制造指数,1552.727,1624.6246,1624.6458,1550.7527,4.22842407227,198.91590534
水利水电建设指数,2973.1932,3047.6062,3047.6062,2973.1932,4.2818145752,55.38481884
航母指数,2865.4762,3043.5386,3048.3124,2857.5199,5.73382377625,173.11883862
